{
  "start": 463200.62776,
  "end": 463203.6331814,
  "duration": 3.0054214000119828
}